{
  "_generated": "Generated by SweetTooth, do not edit", 
  "description": "Adds a PulseAudio shortcuts menu to the Volume Menu. GS &amp;amp;gt;= 3.4 can manage the displayed shortcuts via the prefs tool. The 'PulseAudio' menu text can also be modified via the prefs tool. (Credit: lmedinas, Xes) todo:fix position", 
  "locale": "/usr/share/locale", 
  "name": "Pulse Audio Shortcuts", 
  "original-author": "l300lvl", 
  "shell-version": [
    "3.2", 
    "3.2.0", 
    "3.2.1", 
    "3.4"
  ], 
  "url": "https://github.com/l300lvl/Pulse-Audio-Shortcuts", 
  "uuid": "Pulse-Audio-Shortcuts@l300lvl.tk", 
  "version": 12
}