{
  "_generated": "Generated by SweetTooth, do not edit", 
  "description": "Adds a PulseAudio shortcuts menu to the Volume Menu. GS >= 3.4 can manage the displayed shortcuts via the prefs tool. The 'PulseAudio' menu text can also be modified via the prefs tool. (Credit: lmedinas, Xes)", 
  "locale": "/usr/share/locale", 
  "shell-version": [
    "3.4",
    "3.6"
  ], 
  "name": "Pulse Audio Shortcuts", 
  "original-author": "l300lvl", 
  "url": "https://github.com/l300lvl/Pulse-Audio-Shortcuts", 
  "uuid": "Pulse-Audio-Shortcuts@l300lvl.tk", 
  "version": 13
}
